numbers,labels
764630368926946241527490254892378,human
738372947472930184615492017492036,human
0294727402847104726349284729405829028,human
37388473828292938383939473739292938383839393836363637374849494940392827363636737484910101973636619109283837383839292928,human
9292737378291918273728282827383039737338389393938,human
91828392928272637363792919374759404973739400,human
95848473626262748849393948748403937374749048474,human
95847473739203874749393737649303837478,human
8272738404974746363829918264748493736,human
262079472936202729739363964372927294748392937483927283648382927374647482910102837374738291020383737363649501027374774838202037374757201028376448201028274774839201018283747473829010283847474739020102838484920108374,human
8118822829229292929229292292929292292929292928273663484939292929393383837372615156283949505064837272616151527388394949438372716152263738494948327261615273849405483727,human
38538538538527315896185284396359884504839465868,human
040622043773104798307579842819667293845,human
46454667899997377292991917772880091108272299201018829292020009282,human
9918161615525178192002927615141414231451161791901916154131357181919,human
627165263738484875838282716617182999,human
627162646488364858588472626156364,human
38374828362746827373783747273737372837377382828,human
28188273738181919272727271818181882828282818181818929292,human
36262727282828291919282828928263636353627,human
49997618406773552437745599372735962517495937625374850386558956970,human
31645794658372154689754382461953754,human
637372827192928739192828291747391,human
38384849595826593649362947392759373,human
83837732726628494960500291716523849031,human
7491659265542947452956295739408742,human
10273515396914195619194715264917472,human
19395857372759410019172274748491939475720101048475,human
20384847297265092990607074862624173,human
7462836472927464657262749274528,human
5184927535728399272715144920179473626,human
9897965460987896436540074326789,human
2874736482919399381888382991838299,human
1326274949203874746225168393910102,human
373643826463727263627274846364128364,human
2748273822404289395893947290209496839176499274374627,human
02875436543986052954563985652875323,human
6272728293904515516172828838398127,human
2816381018363517394028163840281638103827254910,human
02758274827994893059083726514132489673657286282,human
294057180375719457925961205482,human
3576273569248569687530927074287395982,human
93883738838292992949839399399293938009,human
649369383692828533693396336932965933666393963693,human
963872872548198263451425343229465,human
727392837428198282718847386492849291093028389298482838388283,human
3746582748294854737279573013348576,human
580544795379754256899663222323467875379,human
483939473829299293392199119911092829,human
8358258638638649644638986397749497,human
749374953759579475957583758476,human
1649935692540633375903568164963926,human
6482918472893743938474928374728383847,human
73728724992736848272683927383927368190104874648101,human
64828462729284629836492937748383747,human
8527552522852852805358352311477074258207414171052074,human
9832473298473298473294873249123213,human
382046193740461936394619462946294629649464838294863738374674838,human
17384001928465920365784027264885625,human
9299201019485748939292010101019292994948484844847747488382992,human
4579943884573820374849304637389394493,human
24706215805315805259426952795236,human
92736363663818192727272651516289397263748437,human
37384848383838383838484838383838392929293844884,human
23818326598765987652396757246537265723687387132687,human
8482736748383874783838839929474747373736525282747822829385748292,human
2573736363546398864272952819102719271,human
64926285955518285572919649262749466501639573,human
57372819395729274917492749194747686927,human
9172393837292027283936292921627202728,human
33455677890998766554431112344556778000998776554432211234556778900976532,human
63920294848290294772939929192849292938384,human
1637274734672467246736473637364828292747383929283266374848484945884737274783747382939374829,human
75638294657493927457593027164920465820437565829193018358,human
6382929461514162839372528393629392,human
479064247904325808742158086532589,human
5374819386462784648502863558489291983746748399104757289101928737475759020197377485905968292083774,human
7348595922716194005684746436829050682723,human
75929472839274828472848274728482748284727388273728483888384738485837384843848473838,human
5482376197498639816293161382731,human
2764737373738828383772727288928374636727219294737472892,human
3682539153717152483835282753819101926362926363,human
639154916151873840492718016382626528282,human
647381917364829194048271563749492972616373838262663828162533829272363628,human
8501779926181019791304200716082009120680,human
75848392938484574774822938484857473,human
2837292627919227638292638292283673836382293738387383484848,human
173780182781391097662789999998866,human
728283837383838383928262627383938373278238373838383833838383838383837337,human
18173738818188377474741109752917,human
747484839399381010376463910908665,human
0197486783497059824679345897534654,human
64613491546184549484319549184619451981649184619846194649,human
4788557895435799654468986544388543457,human
235469834534616523956345098465946234569013456123984623094568734590545906845098634650987236548267453123087423549834567,human
626171552537848474838737261673,human
19736728373847483839373738838374848473,human
273113032011200320091973197719,human
8382748274917501657391748275927401537959,human
9492734746261517385058263957263958615527495047263759361830574638151414385078,human
26725648372663883636483836373838363738474749832662526263746363837366363748746464839297364748392726748473638937474937262782826474993737849473783929202004774920287484939274749297839483682937489473828464982639487493836849472846489276484927,human
4757224929577472823994929400594500,human
74938293793937484983747397484739388,human
83838838904057451515838438383773783838292929393874646,human
1345789088776555544333466788990008766554334677899986544334556777788887,human
9830275684102948569305923450537,human
3974831829854882991938483726613959603826363729102057547721919,human
16375820191726465739191928737474637291,human
29739292739293883973837927292829,human
927383626183638293774762515517384959503287273729293837261839932619482828372820363271939488326615153749302,human
373846297492973958201642964819101857381993710101836474910277291072642019741974918492749182937247196491738173929284729,human
7623542384976528739428346317483462564318746736236472568345246124732648723648274658763179896438,human
628163928272973827392827292872928238292,human
5372638262863926382792837298373929292746292927,human
38201837382029473829382729492739372,human
2672538263826386282738272826382837828282,human
6253718379273826271526528181518394937822,human
26625372628162837927283728378272836288273738282,human
268163826382638273839827372827382827468282,human
72538172819369183826291828039182747918383,human
627253827637382737391827373726263681823,human
42727622272828262627272772277246373773,human
7539204725184957254906276653184073,human
2836366293737627281937736382726362782937363,human
2358864378965321457896454326799754235,human
182774737474738384774838387374383848,human
1225764378732345665356432357902123123,human
5759201002038573737271994572864858281642649668492820848293849292,human
04762830572627494816174969372739392747484963820281526385027152649592715548502716257359018163649,human
938262627289292919236269191827628191927718191,human
72726626262616616171662663747484884838383838838383,human
3487576497364875434975464975198882464673469468,human
726252517101073625617192004747362515161829038372616190,human
665282936492027362518291629202635282037262528292635382037362920262926252820263528302639363936,human
2527363828282636367337383827663638,human
5184927535728399272715144920179473626,human
9183294722738940572284638103743736382,human
1882737372718188872737281918188264728191918737371919191919,human
63726373737372636372822736632891928272627281727,human
29846154146380089608762615616637471531338866487572929784920384,human
6454481548464154345784644464645464,human
638174638286472827693928263474848,human
638292728363849265910174957402639,human
7273637929505029817162564499402019374,human
456536864578547874578457944603568,human
153960163729105713406513595749172,human
02029384857574829202029239485727172748595959,human
162527173638873637264748583728398474,human
88573646663929276474739283747472,human
5184927535728399272715144920179473626,human
27384978973019284637272718392018,human
3873638994938991993929192837371883929,human
8482716369291027363631782933020183626518,human
83736473838474389192836493838334638,human
727638826382847829940373948373949272959302847293858,human
1204987125554979241746324865742956,human
919272636637388292929818828293938,human
17264820183725183910471528394725392927471549,human
6363524414142463567556895748736252525576869736,human
691639505728294857191017558938272959,human
6357263582786935849859359825952485,human
3873646278819949277827648762894092773992874899792,human
69936339693639396969936933969225269269369393939,human
463881816547957251474959564840194736271897365265491745882614378063257354193754,human
2837198382827376319832002849203948828478383,human
835782574837348444628548936754839784,human
3116800558424680985532115790976789854780,human
584939393993929292929292194985588584939220,human
479464949649649749749744268066975,human
32536477586960707947362625537585,human
64930164920463835295036143845273538,human
10193828929848392083739202938338384848449,human
36929911638299164647020107474828182773838291957770472,human
73827562638592756285626582047264827,human
3971327538646860385211410742471470074274,human
123351451365675873678913409832093,human
7383632910396592830372037930373973937403630730373038937393,human
253649572449602736573819274625131343,human
738292992929292929929388474748291992857574829291919837474747489292919287474747288291,human
463782636294647284628922036643783,human
25963268742587525852693161896346,human
7777363636366541820039017374518847298364925391549189274949,human
288339494949494838483838172719104091837381,human
813297255923789728726321563272657833876575326753,human
73772867473737373838473838388384839393939393,human
26193915491046104619461946194916491548692619,human
74926385825285956284967361994684619946582,human
65739375829471947292759274917378904,human
62393382026151836339404619239215293752825884639025103698,human
1223455677890098765543223455656678876533112234456789009765542211134566,human
93830382046491632839391830365768820,human
74747383829292938384783746628284747383829284747436377382829002737288373737282829922937383838393993049404404943222,human
0189356589600397262554685909277479575253789494763819746759,human
039273849263819116823838407247294,human
3690864215808754215898654325807531,human
718394962648848399191073636950862541839498365163895959827166254141537485995060798271536657388382866474858693961739566,human
75599502928173685950602917161639400503822779,human
29475828482758284828472847285729482,human
412763978647384127973865487855367,human
928373728299477362617838399263572929202047646881819919883827277171717,human
64715281010375372816253729266492826390164926392,human
537153727186382637292637926383538637352937283736,human
525171893930217163636489299364727984635254637822974737392626283,human
26012006231120102211200805081982040191831205201226022014,human
29385748383399348485767382938474747,human
363738473839384857484848484849484488484848448584894949485,human
09876543212467986555187546890087,human
7282923746337292034938383932727263733638338383838383383838383737,human
1973648499284610748927284026157495081,human
373779201017373737384939102920283,human
2075456782972987578956734523645,human
616431684649469146194591645816491886198461945876197591916,human
7543578976556788999976654333222223344455556,human
2534983754639454698456044374523465908609234561239546734905862365409123498560872354081237543024320582345,human
71651517384857381615516273995826,human
8237263844863638484737374746843839383,human
19170119771998200319721326033127,human
47728528582693696396395852925962969359359581481484185,human
383516152516495070784726151648586957262904917481047104719473862615495957265249946163948363,human
827266484836628383904048372626283736738383637383873636383947467392836374748392762625178394646282863739282674839726265373983736383992916264849929272652793648392646382963739474929638498262292902846462992926363929927465372929273794936282,human
3848833490019247576289496950285791,human
826492748378373837388393838488384784,human
838392029474766161810101083737373897161515849405083726262748948266181020377463,human
2345667890087665433224567788876534578876544432224556677886532,human
39485874747179292100193747464647472818901985757575,human
142648201948662619104846164648291028474,human
6254828286493829787282728782629299786268862827,human
726151562748392626262662515163748494936388584839262849392936720262518495050286263749,human
739173659103769291649263092629017319749163916491927391,human
81276478312648198276491259852842918462164986321874638271647238567548179641804789746534826578465872361784821974528037452875684716519876518765789657901837561984756194375,human
728263736198492838282927392726382,human
63726392946928292739187392928202983922,human
19273920184929102848201839401028483018393,human
27263916381628368219928374829282,human
2653715372536289191827363718273773732,human
6253817383681828482992839392829292,human
7372528192883928364792838393929287383,human
155152818262872918273929274829923,human
36716373737263727468282828263838282,human
626262727727372874747483927276474,human
749265738282823314804631503846,human
182873538201019383762538917363729919383,human
677558854334543112457899009876543224567888,human
1828838848477474737728282882838388474,human
146543678356790435688743568657909772344557886577,human
37589484959202003847261551527394950201837274803027482040274829492,human
846383038461629494525174959715274950291663749492266384017264894498263639102863638301027673839,human
31245672904518754728109264517381928277271717266251618919181626262,human
882828277161663638949494737627263625182837482,human
4667843495245913755946454842518762582543791846731216953446,human
7161671893000499837262551515152672738384885959599737626151537834,human
6557282869383636477446738329933768292022882923736379302288392374746362839,human
36262727363637382299263527383393625283938366363,human
5184927535728399272715144920179473626,human
462946394747294628339262957490274729362729472959263649283629264839274759384639,human
277472819192874728192874729929299292984847281929387473829191,human
3672636252729292639253736363747373883837282,human
91736155152537849599693772663665328625638496003917463720045972619403,human
5464544348131811345959272846465386,human
526353562949573795958379273638599,human
739384740274957394726485025396,human
0192847478392920944872719292948477218,human
346865589654774789755797557876568844679,human
14381049602659104071549701759105,human
1020394857473737455747372773646372191010022910,human
26645536862479843353366447879532266,human
66401646502653957362946469414333904,human
5184927535728399272715144920179473626,human
1956473838400093762836274643623,human
3856288199394882819288383727778393919,human
737252527839404038271626362718191919292737,human
82636472898273647283837747474748837,human
01738274856478393518365284639479503728493628374929462992648,human
0974386542398754280485719400637164,human
72837721728737383939337736373673,human
19373616482018374639101726462820182719301,human
416475992659697979847261554648100004068687377,human
4812685696283959462719205772919475299,human
3569238659817958624956284658724695879381,human
928726377384959058473762674858376284959373763626364782882,human
469669369493046034603704040404704704040040463604694694,human
5746283940663528394067462517394045677432506127496,human
9293010731651437178492947920295829920294839,human
3275649283740596877199576858674930495867,human
11134629096427896558965544689678905434169,human
17282847475859403039488585040033030220020201,human
258633863885258335886368386836368836368836368836836,human
970697575946303165026402939385757208457,human
8401648352835292046215493538017393549,human
10947279508276393918638203764928373938,human
63719010305776261552636364784949021981727849499281637499392774077153047,human
64928472883747262524417949594977272,human
41971307104147140242470242013131423694038,human
134280914580435112435435099863565246132548093468943546453,human
638382930374937397292727928292027292820474994739736394685960030373,human
8360724964170418585370529641386917408,human
3782919299283848577583929919192838488585859499292811,human
368393362525363648494025237377383,human
19362915841580636804146806269657,human
2663479475715515253749505992626518488265443379853895488096,human
29572551517273838406042773929284,human
3578973897359853795752875397239873983759327,human
73746373848376157189191983737474848484,human
818100164910561948154919017391946196917491,human
74928355839715295056261949576192947562,human
1357924680976532156728394758493756182936,human
9262933519152293639301583639251926229236502819103639,human
23456688900865543112355688653245789098765334567890864432,human
729362939374948202744253789068823237,human
747383885464846484648764784648486454573757212133445784564975464842464875424,human
3892038576769103824767694010385769302047673920485692053,human
7294728462725151638339208216639372,human
36908641362470865425790743158075426,human
72947615638595008377261616616727475969959261551536477482995,human
5144162624142784949592726153950038271616394,human
384729472948285828582758294937482,human
35862978641938526483493586476754,human
637272882828362552617378281883773677263,human
3627352762537272528647181910827363828263,human
636218635381836380101739337388836373783638373,human
6372819173646272910297638216174931926363272638102846367291987,human
110919612102195424051978181019790508198220101983,human
47585826349959373744837367437929,human
36293048474939478347848447484847584858595895956989393,human
152468986356800865313467800086543116789,human
73939283373828272373737336251525252526262738494938373,human
18447392916474957620497391936649491,human
372636379101011029393647493010101,human
3489775650577235642398685890639463,human
491667678154649153461846798195682488167618,human
754345677889976543334568886543356789,human
9085649048736259032865203495671349056012395403982754568734690457690856439423123546,human
715172617166151673499595826263848,human
387384848373839484893288383738283838374,human
31130326271910172119731977200320092011,human
416152725826292629268252426279292252627292972521461819272,human
3937617294050171648596016285067191740269151539495060791615635930273840915394717402649425409,human
72726265157283984625528283746473829201029928373738393836373838373783838635251573883839303937367393736362826527282826489373739386262846382927638927,human
4995392910039495903056070786060228,human
363874837473864636365241452414158993,human
373801917162646489504083839271616648494003271661,human
123344568998665555444333456788998766555797655444443332345567788875544,human
82827884838382929384417264692995,human
948575747291020204958856960597361514268595,human
163748291020384736161637485991983746382,human
7263926362816363828283829292992929929292,human
9262828252828363893674959606070583726151552648859462726155283949594072616283849572528384939922,human
37194628729162847191719391719101993719173927391838480119711093739018264819172700,human
9123876546732164385479163459127640218746801237657832502371587632785610876507823657832657821365087263057823658073265807236476238743892472765783624708152087451023875238064781264076340976120746097216049863296473026324726107364901726340621769541,human
6382739292739371927298392828293938,human
638273928297493839292837392927292828,human
3919173920284727173949283849282949,human
26253817362827638272738273728287373,human
6217526363872910192820928292929202929202,human
6262817286492919288392928292929283746922872,human
7262719398492019383746828273728293873838,human
625271872929384849050371829393,human
837594058949583817198292828277272628287292920292,human
2525636363738838494838288383838383884,human
763659007010362469087532146590,human
9182837366282930208161553373991028364628203752528922,human
98525652136888653357886533321122333577538188063280,human
192883838847477328838477473838384884848,human
245654798690087533674368864577903268732567903244532689,human
1938582958394839399202049857377261526495069572615389592747482929294738939494,human
172743729827473829282625379696946366475950911711642628496069476262940281654949286153748959276275950182748390183748494002927840485749039338,human
817162626255151525526161718199291817166161661717289191919918172726625261891918726362829,human
437681673794008346467046649764949973491572947537949137584,human
8282751541452638839506070088654322568938585689493872,human
344313557808182625272826272829292727253738339033736352527282992,human
162626373838393525833902762526273839372529394615,human
5184927535728399272715144920179473626,human
